<?xml version="1.0"?>
<data><checklist><item0><id><![CDATA[1461624]]></id><project_id><![CDATA[41213]]></project_id><name><![CDATA[Регресс в итоговом проекте]]></name><description><![CDATA[]]></description><abbreviation><![CDATA[RHJ]]></abbreviation><regularity_id><![CDATA[1]]></regularity_id><is_deleted><![CDATA[]]></is_deleted><status><![CDATA[1]]></status><completed><![CDATA[0]]></completed><type_id><![CDATA[2]]></type_id><use_tags><![CDATA[0]]></use_tags><parent><![CDATA[0]]></parent><is_folder><![CDATA[0]]></is_folder><child><![CDATA[0]]></child><versionof><![CDATA[0]]></versionof><creator><![CDATA[0]]></creator><sort><![CDATA[0]]></sort><complexity><![CDATA[0.00]]></complexity><is_template><![CDATA[0]]></is_template><created_at><![CDATA[2023-03-23 18:15:10]]></created_at><updated_at><![CDATA[2023-03-23 18:48:15]]></updated_at></item0></checklist><checklist_group><item0><id><![CDATA[8831246]]></id><checklist_id><![CDATA[1461624]]></checklist_id><name><![CDATA[перенос назначенных уроков]]></name><description><![CDATA[]]></description><sort><![CDATA[1]]></sort><type><![CDATA[0]]></type></item0><item1><id><![CDATA[8831305]]></id><checklist_id><![CDATA[1461624]]></checklist_id><name><![CDATA[отмена назначенных уроков]]></name><description><![CDATA[]]></description><sort><![CDATA[2]]></sort><type><![CDATA[0]]></type></item1></checklist_group><requirement_links/><checklist_option><item0><id><![CDATA[53823994]]></id><tid><![CDATA[RHJ1]]></tid><checklist_group_id><![CDATA[8831246]]></checklist_group_id><action><![CDATA[Время]]></action><result><![CDATA[Возможность изменить время на будущее, принимает цифры от 0-9.]]></result><priority_id><![CDATA[1]]></priority_id><sort><![CDATA[1]]></sort><todo_status><![CDATA[0]]></todo_status></item0><item1><id><![CDATA[53824293]]></id><tid><![CDATA[RHJ2]]></tid><checklist_group_id><![CDATA[8831246]]></checklist_group_id><action><![CDATA[Дата]]></action><result><![CDATA[Возможность изменить дату на будущее или на прошлое.]]></result><priority_id><![CDATA[1]]></priority_id><sort><![CDATA[2]]></sort><todo_status><![CDATA[0]]></todo_status></item1><item2><id><![CDATA[53824294]]></id><tid><![CDATA[RHJ3]]></tid><checklist_group_id><![CDATA[8831246]]></checklist_group_id><action><![CDATA[Поле "Причина переноса"]]></action><result><![CDATA[Обязательное поле
Выбор нужного слота из выпадающего списка]]></result><priority_id><![CDATA[1]]></priority_id><sort><![CDATA[3]]></sort><todo_status><![CDATA[0]]></todo_status></item2><item3><id><![CDATA[53824404]]></id><tid><![CDATA[RHJ4]]></tid><checklist_group_id><![CDATA[8831246]]></checklist_group_id><action><![CDATA[Поле "Добавьте комментарий"]]></action><result><![CDATA[Не обязательное поле. Допустимое количество символов от 0-500.]]></result><priority_id><![CDATA[2]]></priority_id><sort><![CDATA[4]]></sort><todo_status><![CDATA[0]]></todo_status></item3><item4><id><![CDATA[53824405]]></id><tid><![CDATA[RHJ5]]></tid><checklist_group_id><![CDATA[8831246]]></checklist_group_id><action><![CDATA[Кнопка "Перенести"]]></action><result><![CDATA[Перенос урока в расписании.]]></result><priority_id><![CDATA[1]]></priority_id><sort><![CDATA[5]]></sort><todo_status><![CDATA[0]]></todo_status></item4><item5><id><![CDATA[53824295]]></id><tid><![CDATA[RHJ6]]></tid><checklist_group_id><![CDATA[8831305]]></checklist_group_id><action><![CDATA[Поле "Отмена по инициативе " (Учитель, ученик)]]></action><result><![CDATA[Обязательное поле, 
Выбор нужного слота]]></result><priority_id><![CDATA[2]]></priority_id><sort><![CDATA[6]]></sort><todo_status><![CDATA[0]]></todo_status></item5><item6><id><![CDATA[53824296]]></id><tid><![CDATA[RHJ7]]></tid><checklist_group_id><![CDATA[8831305]]></checklist_group_id><action><![CDATA[Выпадающий список  "Укажите причину отмены"]]></action><result><![CDATA[Обязательное поле для заполнения
Выбор нужного слота из выпадающего списка]]></result><priority_id><![CDATA[1]]></priority_id><sort><![CDATA[7]]></sort><todo_status><![CDATA[0]]></todo_status></item6><item7><id><![CDATA[53824297]]></id><tid><![CDATA[RHJ8]]></tid><checklist_group_id><![CDATA[8831305]]></checklist_group_id><action><![CDATA[Поле "Добавьте комментарий"]]></action><result><![CDATA[Не обязательное поле, допустимое количество символов от 0-500.]]></result><priority_id><![CDATA[2]]></priority_id><sort><![CDATA[8]]></sort><todo_status><![CDATA[0]]></todo_status></item7><item8><id><![CDATA[53824298]]></id><tid><![CDATA[RHJ9]]></tid><checklist_group_id><![CDATA[8831305]]></checklist_group_id><action><![CDATA[Кнопка "Отменить урок"]]></action><result><![CDATA[Удаление урока из расписания.]]></result><priority_id><![CDATA[1]]></priority_id><sort><![CDATA[9]]></sort><todo_status><![CDATA[0]]></todo_status></item8></checklist_option><checklist_option_tag/><tag/><requirement/></data>
