<?xml version="1.0"?>
<data><checklist><item0><id><![CDATA[1457843]]></id><project_id><![CDATA[41213]]></project_id><name><![CDATA[Личное событие.]]></name><description><![CDATA[]]></description><abbreviation><![CDATA[lnss]]></abbreviation><regularity_id><![CDATA[1]]></regularity_id><is_deleted><![CDATA[]]></is_deleted><status><![CDATA[1]]></status><completed><![CDATA[0]]></completed><type_id><![CDATA[2]]></type_id><use_tags><![CDATA[0]]></use_tags><parent><![CDATA[0]]></parent><is_folder><![CDATA[0]]></is_folder><child><![CDATA[0]]></child><versionof><![CDATA[0]]></versionof><creator><![CDATA[0]]></creator><sort><![CDATA[7]]></sort><complexity><![CDATA[0.00]]></complexity><is_template><![CDATA[0]]></is_template><created_at><![CDATA[2023-03-18 23:11:58]]></created_at><updated_at><![CDATA[2023-05-19 15:42:31]]></updated_at></item0></checklist><checklist_group><item0><id><![CDATA[8814152]]></id><checklist_id><![CDATA[1457843]]></checklist_id><name><![CDATA[Создание личного события]]></name><description><![CDATA[]]></description><sort><![CDATA[12]]></sort><type><![CDATA[0]]></type></item0><item1><id><![CDATA[8820952]]></id><checklist_id><![CDATA[1457843]]></checklist_id><name><![CDATA[Удаление личного события]]></name><description><![CDATA[]]></description><sort><![CDATA[13]]></sort><type><![CDATA[0]]></type></item1><item2><id><![CDATA[8820953]]></id><checklist_id><![CDATA[1457843]]></checklist_id><name><![CDATA[Редактирование личного события]]></name><description><![CDATA[]]></description><sort><![CDATA[14]]></sort><type><![CDATA[0]]></type></item2><item3><id><![CDATA[8830656]]></id><checklist_id><![CDATA[1457843]]></checklist_id><name><![CDATA[Название]]></name><description><![CDATA[]]></description><sort><![CDATA[1]]></sort><type><![CDATA[1]]></type></item3><item4><id><![CDATA[8830657]]></id><checklist_id><![CDATA[1457843]]></checklist_id><name><![CDATA[Валидные значения]]></name><description><![CDATA[]]></description><sort><![CDATA[2]]></sort><type><![CDATA[2]]></type></item4><item5><id><![CDATA[8830658]]></id><checklist_id><![CDATA[1457843]]></checklist_id><name><![CDATA[Невалидные значения]]></name><description><![CDATA[]]></description><sort><![CDATA[3]]></sort><type><![CDATA[2]]></type></item5><item6><id><![CDATA[8830659]]></id><checklist_id><![CDATA[1457843]]></checklist_id><name><![CDATA[Время]]></name><description><![CDATA[]]></description><sort><![CDATA[4]]></sort><type><![CDATA[1]]></type></item6><item7><id><![CDATA[8830660]]></id><checklist_id><![CDATA[1457843]]></checklist_id><name><![CDATA[Валидные значения]]></name><description><![CDATA[]]></description><sort><![CDATA[5]]></sort><type><![CDATA[2]]></type></item7><item8><id><![CDATA[8830661]]></id><checklist_id><![CDATA[1457843]]></checklist_id><name><![CDATA[Не  валидные значения]]></name><description><![CDATA[]]></description><sort><![CDATA[6]]></sort><type><![CDATA[2]]></type></item8><item9><id><![CDATA[8830662]]></id><checklist_id><![CDATA[1457843]]></checklist_id><name><![CDATA[Дата]]></name><description><![CDATA[]]></description><sort><![CDATA[7]]></sort><type><![CDATA[1]]></type></item9><item10><id><![CDATA[8830663]]></id><checklist_id><![CDATA[1457843]]></checklist_id><name><![CDATA[Ввалидные значения]]></name><description><![CDATA[]]></description><sort><![CDATA[8]]></sort><type><![CDATA[2]]></type></item10><item11><id><![CDATA[8830664]]></id><checklist_id><![CDATA[1457843]]></checklist_id><name><![CDATA[Описание]]></name><description><![CDATA[]]></description><sort><![CDATA[9]]></sort><type><![CDATA[1]]></type></item11><item12><id><![CDATA[8830665]]></id><checklist_id><![CDATA[1457843]]></checklist_id><name><![CDATA[Валидные значения]]></name><description><![CDATA[]]></description><sort><![CDATA[10]]></sort><type><![CDATA[2]]></type></item12><item13><id><![CDATA[8830741]]></id><checklist_id><![CDATA[1457843]]></checklist_id><name><![CDATA[Не валидные значения]]></name><description><![CDATA[]]></description><sort><![CDATA[11]]></sort><type><![CDATA[2]]></type></item13></checklist_group><requirement_links/><checklist_option><item0><id><![CDATA[53747577]]></id><tid><![CDATA[lnss48]]></tid><checklist_group_id><![CDATA[8814152]]></checklist_group_id><action><![CDATA[Не выбирать самостоятельно цвет события]]></action><result><![CDATA[Цвет события — по умолчанию серый.]]></result><priority_id><![CDATA[2]]></priority_id><sort><![CDATA[48]]></sort><todo_status><![CDATA[0]]></todo_status></item0><item1><id><![CDATA[53747578]]></id><tid><![CDATA[lnss49]]></tid><checklist_group_id><![CDATA[8814152]]></checklist_group_id><action><![CDATA[Добавить личное событие без названия]]></action><result><![CDATA[Ошибка ввода]]></result><priority_id><![CDATA[2]]></priority_id><sort><![CDATA[49]]></sort><todo_status><![CDATA[0]]></todo_status></item1><item2><id><![CDATA[53773095]]></id><tid><![CDATA[lnss47]]></tid><checklist_group_id><![CDATA[8814152]]></checklist_group_id><action><![CDATA[добавить личное событие]]></action><result><![CDATA[- кликнуть в слот,
- нажать на плюс.]]></result><priority_id><![CDATA[2]]></priority_id><sort><![CDATA[47]]></sort><todo_status><![CDATA[0]]></todo_status></item2><item3><id><![CDATA[53773097]]></id><tid><![CDATA[lnss50]]></tid><checklist_group_id><![CDATA[8814152]]></checklist_group_id><action><![CDATA[Добавить два личных события на одно и тоже время, в один и тот же день.]]></action><result><![CDATA[Отображается выше то, которое было создано последним.]]></result><priority_id><![CDATA[2]]></priority_id><sort><![CDATA[50]]></sort><todo_status><![CDATA[0]]></todo_status></item3><item4><id><![CDATA[53774229]]></id><tid><![CDATA[lnss52]]></tid><checklist_group_id><![CDATA[8814152]]></checklist_group_id><action><![CDATA[Кнопка "Х"]]></action><result><![CDATA[Создание Личного события будет отменено.]]></result><priority_id><![CDATA[2]]></priority_id><sort><![CDATA[52]]></sort><todo_status><![CDATA[0]]></todo_status></item4><item5><id><![CDATA[53774228]]></id><tid><![CDATA[lnss51]]></tid><checklist_group_id><![CDATA[8814152]]></checklist_group_id><action><![CDATA[Кнопка "сохранить"]]></action><result><![CDATA[Сохранение Личного события]]></result><priority_id><![CDATA[1]]></priority_id><sort><![CDATA[51]]></sort><todo_status><![CDATA[0]]></todo_status></item5><item6><id><![CDATA[53774232]]></id><tid><![CDATA[lnss53]]></tid><checklist_group_id><![CDATA[8820952]]></checklist_group_id><action><![CDATA[Кнопка "Удалить"]]></action><result><![CDATA[Удаление Личного события из расписания]]></result><priority_id><![CDATA[1]]></priority_id><sort><![CDATA[53]]></sort><todo_status><![CDATA[0]]></todo_status></item6><item7><id><![CDATA[53774233]]></id><tid><![CDATA[lnss54]]></tid><checklist_group_id><![CDATA[8820952]]></checklist_group_id><action><![CDATA[удаление несколько событий, запланированных на один день]]></action><result><![CDATA[События удалены.]]></result><priority_id><![CDATA[2]]></priority_id><sort><![CDATA[54]]></sort><todo_status><![CDATA[0]]></todo_status></item7><item8><id><![CDATA[53774234]]></id><tid><![CDATA[lnss55]]></tid><checklist_group_id><![CDATA[8820953]]></checklist_group_id><action><![CDATA[Кнопка "Редактировать"]]></action><result><![CDATA[Открытие попап с возможностью редактировать событие.]]></result><priority_id><![CDATA[1]]></priority_id><sort><![CDATA[55]]></sort><todo_status><![CDATA[0]]></todo_status></item8><item9><id><![CDATA[53774240]]></id><tid><![CDATA[lnss56]]></tid><checklist_group_id><![CDATA[8820953]]></checklist_group_id><action><![CDATA[Изменить дату события в прошлом на будущее]]></action><result><![CDATA[Изменение даты]]></result><priority_id><![CDATA[2]]></priority_id><sort><![CDATA[56]]></sort><todo_status><![CDATA[0]]></todo_status></item9><item10><id><![CDATA[53774241]]></id><tid><![CDATA[lnss58]]></tid><checklist_group_id><![CDATA[8820953]]></checklist_group_id><action><![CDATA[Изменить цвет события]]></action><result><![CDATA[Цвет события поменяется, на выбранный цвет из предоставленной палитры цветов.]]></result><priority_id><![CDATA[2]]></priority_id><sort><![CDATA[58]]></sort><todo_status><![CDATA[0]]></todo_status></item10><item11><id><![CDATA[54723346]]></id><tid><![CDATA[lnss57]]></tid><checklist_group_id><![CDATA[8820953]]></checklist_group_id><action><![CDATA[Изменить дату события в будущем на прошлое]]></action><result><![CDATA[]]></result><priority_id><![CDATA[2]]></priority_id><sort><![CDATA[57]]></sort><todo_status><![CDATA[0]]></todo_status></item11><item12><id><![CDATA[53821166]]></id><tid><![CDATA[lnss1]]></tid><checklist_group_id><![CDATA[8830657]]></checklist_group_id><action><![CDATA[Кириллица, например (Событие)]]></action><result><![CDATA[Поле принимает значение]]></result><priority_id><![CDATA[2]]></priority_id><sort><![CDATA[1]]></sort><todo_status><![CDATA[0]]></todo_status></item12><item13><id><![CDATA[53821167]]></id><tid><![CDATA[lnss2]]></tid><checklist_group_id><![CDATA[8830657]]></checklist_group_id><action><![CDATA[Латиница, например (dfhfgj)]]></action><result><![CDATA[Поле принимает значение]]></result><priority_id><![CDATA[2]]></priority_id><sort><![CDATA[2]]></sort><todo_status><![CDATA[0]]></todo_status></item13><item14><id><![CDATA[53821168]]></id><tid><![CDATA[lnss3]]></tid><checklist_group_id><![CDATA[8830657]]></checklist_group_id><action><![CDATA[Совмещение латиницы и кириллицы, например (Daily важно)]]></action><result><![CDATA[Поле принимает значение]]></result><priority_id><![CDATA[2]]></priority_id><sort><![CDATA[3]]></sort><todo_status><![CDATA[0]]></todo_status></item14><item15><id><![CDATA[53821169]]></id><tid><![CDATA[lnss4]]></tid><checklist_group_id><![CDATA[8830657]]></checklist_group_id><action><![CDATA[Цифры, например (1 встреча)]]></action><result><![CDATA[Поле принимает значение]]></result><priority_id><![CDATA[2]]></priority_id><sort><![CDATA[4]]></sort><todo_status><![CDATA[0]]></todo_status></item15><item16><id><![CDATA[53821170]]></id><tid><![CDATA[lnss5]]></tid><checklist_group_id><![CDATA[8830657]]></checklist_group_id><action><![CDATA[Пробелы, например (Важная подготовка)]]></action><result><![CDATA[Поле принимает значение]]></result><priority_id><![CDATA[2]]></priority_id><sort><![CDATA[5]]></sort><todo_status><![CDATA[0]]></todo_status></item16><item17><id><![CDATA[53821171]]></id><tid><![CDATA[lnss6]]></tid><checklist_group_id><![CDATA[8830657]]></checklist_group_id><action><![CDATA[Спец символы, например (Ура!)]]></action><result><![CDATA[Поле принимает значение]]></result><priority_id><![CDATA[2]]></priority_id><sort><![CDATA[6]]></sort><todo_status><![CDATA[0]]></todo_status></item17><item18><id><![CDATA[53821172]]></id><tid><![CDATA[lnss7]]></tid><checklist_group_id><![CDATA[8830657]]></checklist_group_id><action><![CDATA[Кол-во символов от 1-40 включительно, например 
(а  
апр  
фыаывадоыраолРЛОВМРлывполямривармгвршмр)]]></action><result><![CDATA[Поле принимает значение]]></result><priority_id><![CDATA[2]]></priority_id><sort><![CDATA[7]]></sort><todo_status><![CDATA[0]]></todo_status></item18><item19><id><![CDATA[53821178]]></id><tid><![CDATA[lnss8]]></tid><checklist_group_id><![CDATA[8830658]]></checklist_group_id><action><![CDATA[Пустое поле, например (количество символов равно 0)]]></action><result><![CDATA[Личное событие не создается]]></result><priority_id><![CDATA[2]]></priority_id><sort><![CDATA[8]]></sort><todo_status><![CDATA[0]]></todo_status></item19><item20><id><![CDATA[53821179]]></id><tid><![CDATA[lnss9]]></tid><checklist_group_id><![CDATA[8830658]]></checklist_group_id><action><![CDATA[Кол-во символов более 40]]></action><result><![CDATA[Больше 40 символов поле не принимает]]></result><priority_id><![CDATA[2]]></priority_id><sort><![CDATA[9]]></sort><todo_status><![CDATA[0]]></todo_status></item20><item21><id><![CDATA[53821180]]></id><tid><![CDATA[lnss10]]></tid><checklist_group_id><![CDATA[8830660]]></checklist_group_id><action><![CDATA[Принимает все цифры от 0-9, например (12:45)]]></action><result><![CDATA[Поле принимает значение]]></result><priority_id><![CDATA[2]]></priority_id><sort><![CDATA[10]]></sort><todo_status><![CDATA[0]]></todo_status></item21><item22><id><![CDATA[53821181]]></id><tid><![CDATA[lnss11]]></tid><checklist_group_id><![CDATA[8830660]]></checklist_group_id><action><![CDATA[Формат чч:мм, например (10:10)]]></action><result><![CDATA[Поле принимает значение]]></result><priority_id><![CDATA[2]]></priority_id><sort><![CDATA[11]]></sort><todo_status><![CDATA[0]]></todo_status></item22><item23><id><![CDATA[53821182]]></id><tid><![CDATA[lnss12]]></tid><checklist_group_id><![CDATA[8830660]]></checklist_group_id><action><![CDATA[Максимально допустимое значение времени, например (23:59)]]></action><result><![CDATA[Поле принимает значение]]></result><priority_id><![CDATA[2]]></priority_id><sort><![CDATA[12]]></sort><todo_status><![CDATA[0]]></todo_status></item23><item24><id><![CDATA[53821183]]></id><tid><![CDATA[lnss13]]></tid><checklist_group_id><![CDATA[8830660]]></checklist_group_id><action><![CDATA[Минимально допустимое значение времени, например (00:00)]]></action><result><![CDATA[Поле принимает значение]]></result><priority_id><![CDATA[2]]></priority_id><sort><![CDATA[13]]></sort><todo_status><![CDATA[0]]></todo_status></item24><item25><id><![CDATA[53821184]]></id><tid><![CDATA[lnss14]]></tid><checklist_group_id><![CDATA[8830661]]></checklist_group_id><action><![CDATA[пустота, например (количество символов рано 0)]]></action><result><![CDATA[ошибка ввода]]></result><priority_id><![CDATA[2]]></priority_id><sort><![CDATA[14]]></sort><todo_status><![CDATA[0]]></todo_status></item25><item26><id><![CDATA[53821185]]></id><tid><![CDATA[lnss15]]></tid><checklist_group_id><![CDATA[8830661]]></checklist_group_id><action><![CDATA[Принимает формат отличающийся от формата чч:мм, например (17:00:00)]]></action><result><![CDATA[ошибка ввода]]></result><priority_id><![CDATA[2]]></priority_id><sort><![CDATA[15]]></sort><todo_status><![CDATA[0]]></todo_status></item26><item27><id><![CDATA[53821186]]></id><tid><![CDATA[lnss16]]></tid><checklist_group_id><![CDATA[8830661]]></checklist_group_id><action><![CDATA[время содержит буквы, например (12:п7)]]></action><result><![CDATA[Буквы не прописываются]]></result><priority_id><![CDATA[2]]></priority_id><sort><![CDATA[16]]></sort><todo_status><![CDATA[0]]></todo_status></item27><item28><id><![CDATA[53821187]]></id><tid><![CDATA[lnss17]]></tid><checklist_group_id><![CDATA[8830661]]></checklist_group_id><action><![CDATA[время содержит спецсимволы кроме двоеточия, например (12;34)]]></action><result><![CDATA[Поле время не принимает это значение]]></result><priority_id><![CDATA[2]]></priority_id><sort><![CDATA[17]]></sort><todo_status><![CDATA[0]]></todo_status></item28><item29><id><![CDATA[53821188]]></id><tid><![CDATA[lnss18]]></tid><checklist_group_id><![CDATA[8830661]]></checklist_group_id><action><![CDATA[Отрицательное значение, например (-12:45)]]></action><result><![CDATA[Поле время не принимает это значение]]></result><priority_id><![CDATA[2]]></priority_id><sort><![CDATA[18]]></sort><todo_status><![CDATA[0]]></todo_status></item29><item30><id><![CDATA[53821189]]></id><tid><![CDATA[lnss19]]></tid><checklist_group_id><![CDATA[8830661]]></checklist_group_id><action><![CDATA[Превышение максимально допустимого значение времени, например (56:99)]]></action><result><![CDATA[Поле время не принимает это значение]]></result><priority_id><![CDATA[2]]></priority_id><sort><![CDATA[19]]></sort><todo_status><![CDATA[0]]></todo_status></item30><item31><id><![CDATA[53821190]]></id><tid><![CDATA[lnss20]]></tid><checklist_group_id><![CDATA[8830661]]></checklist_group_id><action><![CDATA[Дробные значения, например (1.2:00)]]></action><result><![CDATA[Поле время не принимает это значение]]></result><priority_id><![CDATA[2]]></priority_id><sort><![CDATA[20]]></sort><todo_status><![CDATA[0]]></todo_status></item31><item32><id><![CDATA[53821191]]></id><tid><![CDATA[lnss21]]></tid><checklist_group_id><![CDATA[8830663]]></checklist_group_id><action><![CDATA[личное событие на прошлый год]]></action><result><![CDATA[Поле принимает значение]]></result><priority_id><![CDATA[2]]></priority_id><sort><![CDATA[21]]></sort><todo_status><![CDATA[0]]></todo_status></item32><item33><id><![CDATA[53821192]]></id><tid><![CDATA[lnss22]]></tid><checklist_group_id><![CDATA[8830663]]></checklist_group_id><action><![CDATA[личное событие в прошлом месяце]]></action><result><![CDATA[Поле принимает значение]]></result><priority_id><![CDATA[2]]></priority_id><sort><![CDATA[22]]></sort><todo_status><![CDATA[0]]></todo_status></item33><item34><id><![CDATA[53821193]]></id><tid><![CDATA[lnss23]]></tid><checklist_group_id><![CDATA[8830663]]></checklist_group_id><action><![CDATA[личное событие вчера]]></action><result><![CDATA[Поле принимает значение]]></result><priority_id><![CDATA[2]]></priority_id><sort><![CDATA[23]]></sort><todo_status><![CDATA[0]]></todo_status></item34><item35><id><![CDATA[53821194]]></id><tid><![CDATA[lnss24]]></tid><checklist_group_id><![CDATA[8830663]]></checklist_group_id><action><![CDATA[личное событие сегодня, но время уже прошло]]></action><result><![CDATA[Дата добавиться в прошедшем времени]]></result><priority_id><![CDATA[2]]></priority_id><sort><![CDATA[24]]></sort><todo_status><![CDATA[0]]></todo_status></item35><item36><id><![CDATA[53821195]]></id><tid><![CDATA[lnss26]]></tid><checklist_group_id><![CDATA[8830663]]></checklist_group_id><action><![CDATA[личное событие сегодня, но время еще будет]]></action><result><![CDATA[Поле принимает значение]]></result><priority_id><![CDATA[2]]></priority_id><sort><![CDATA[26]]></sort><todo_status><![CDATA[0]]></todo_status></item36><item37><id><![CDATA[53821196]]></id><tid><![CDATA[lnss27]]></tid><checklist_group_id><![CDATA[8830663]]></checklist_group_id><action><![CDATA[Добавление даты в будущем времени при нажатии на слот]]></action><result><![CDATA[Дата добавиться в будущем  временит]]></result><priority_id><![CDATA[2]]></priority_id><sort><![CDATA[27]]></sort><todo_status><![CDATA[0]]></todo_status></item37><item38><id><![CDATA[54723341]]></id><tid><![CDATA[lnss30]]></tid><checklist_group_id><![CDATA[8830663]]></checklist_group_id><action><![CDATA[личное событие в следующем месяце]]></action><result><![CDATA[]]></result><priority_id><![CDATA[2]]></priority_id><sort><![CDATA[30]]></sort><todo_status><![CDATA[0]]></todo_status></item38><item39><id><![CDATA[53822595]]></id><tid><![CDATA[lnss25]]></tid><checklist_group_id><![CDATA[8830663]]></checklist_group_id><action><![CDATA[Добавление даты в прошедшем времени при нажатии на "+"]]></action><result><![CDATA[Дата добавиться в прошедшем времени]]></result><priority_id><![CDATA[2]]></priority_id><sort><![CDATA[25]]></sort><todo_status><![CDATA[0]]></todo_status></item39><item40><id><![CDATA[54723340]]></id><tid><![CDATA[lnss29]]></tid><checklist_group_id><![CDATA[8830663]]></checklist_group_id><action><![CDATA[личное событие завтра]]></action><result><![CDATA[]]></result><priority_id><![CDATA[2]]></priority_id><sort><![CDATA[29]]></sort><todo_status><![CDATA[0]]></todo_status></item40><item41><id><![CDATA[53822596]]></id><tid><![CDATA[lnss28]]></tid><checklist_group_id><![CDATA[8830663]]></checklist_group_id><action><![CDATA[Добавление даты в будущем времени при нажатии на "+"]]></action><result><![CDATA[Дата добавиться в будущем времени]]></result><priority_id><![CDATA[2]]></priority_id><sort><![CDATA[28]]></sort><todo_status><![CDATA[0]]></todo_status></item41><item42><id><![CDATA[54723342]]></id><tid><![CDATA[lnss31]]></tid><checklist_group_id><![CDATA[8830663]]></checklist_group_id><action><![CDATA[личное событие в следующем году]]></action><result><![CDATA[]]></result><priority_id><![CDATA[2]]></priority_id><sort><![CDATA[31]]></sort><todo_status><![CDATA[0]]></todo_status></item42><item43><id><![CDATA[54723343]]></id><tid><![CDATA[lnss32]]></tid><checklist_group_id><![CDATA[8830663]]></checklist_group_id><action><![CDATA[личное событие в тоже время, когда уже есть личное событие]]></action><result><![CDATA[]]></result><priority_id><![CDATA[2]]></priority_id><sort><![CDATA[32]]></sort><todo_status><![CDATA[0]]></todo_status></item43><item44><id><![CDATA[54723344]]></id><tid><![CDATA[lnss33]]></tid><checklist_group_id><![CDATA[8830663]]></checklist_group_id><action><![CDATA[личное событие с некорректной датой]]></action><result><![CDATA[]]></result><priority_id><![CDATA[2]]></priority_id><sort><![CDATA[33]]></sort><todo_status><![CDATA[0]]></todo_status></item44><item45><id><![CDATA[54723345]]></id><tid><![CDATA[lnss34]]></tid><checklist_group_id><![CDATA[8830663]]></checklist_group_id><action><![CDATA[личное событие с неустановленной датой]]></action><result><![CDATA[]]></result><priority_id><![CDATA[2]]></priority_id><sort><![CDATA[34]]></sort><todo_status><![CDATA[0]]></todo_status></item45><item46><id><![CDATA[53821197]]></id><tid><![CDATA[lnss35]]></tid><checklist_group_id><![CDATA[8830665]]></checklist_group_id><action><![CDATA[Может быть пустым, например (количество символов равно 0)]]></action><result><![CDATA[Поле принимает значение]]></result><priority_id><![CDATA[2]]></priority_id><sort><![CDATA[35]]></sort><todo_status><![CDATA[0]]></todo_status></item46><item47><id><![CDATA[53821198]]></id><tid><![CDATA[lnss36]]></tid><checklist_group_id><![CDATA[8830665]]></checklist_group_id><action><![CDATA[Кириллица, например (Описание)]]></action><result><![CDATA[Поле принимает значение]]></result><priority_id><![CDATA[2]]></priority_id><sort><![CDATA[36]]></sort><todo_status><![CDATA[0]]></todo_status></item47><item48><id><![CDATA[53821199]]></id><tid><![CDATA[lnss37]]></tid><checklist_group_id><![CDATA[8830665]]></checklist_group_id><action><![CDATA[Латиница, например (kjkbkjb)]]></action><result><![CDATA[Поле принимает значение]]></result><priority_id><![CDATA[2]]></priority_id><sort><![CDATA[37]]></sort><todo_status><![CDATA[0]]></todo_status></item48><item49><id><![CDATA[53821200]]></id><tid><![CDATA[lnss38]]></tid><checklist_group_id><![CDATA[8830665]]></checklist_group_id><action><![CDATA[Совмещение латиницы и кириллицы, например (оиооjhvgyh)]]></action><result><![CDATA[Поле принимает значение]]></result><priority_id><![CDATA[2]]></priority_id><sort><![CDATA[38]]></sort><todo_status><![CDATA[0]]></todo_status></item49><item50><id><![CDATA[53821201]]></id><tid><![CDATA[lnss39]]></tid><checklist_group_id><![CDATA[8830665]]></checklist_group_id><action><![CDATA[Цифры, например (1 замечание)]]></action><result><![CDATA[Поле принимает значение]]></result><priority_id><![CDATA[2]]></priority_id><sort><![CDATA[39]]></sort><todo_status><![CDATA[0]]></todo_status></item50><item51><id><![CDATA[53821202]]></id><tid><![CDATA[lnss40]]></tid><checklist_group_id><![CDATA[8830665]]></checklist_group_id><action><![CDATA[Пробелы, например (важное уточнение)]]></action><result><![CDATA[Поле принимает значение]]></result><priority_id><![CDATA[2]]></priority_id><sort><![CDATA[40]]></sort><todo_status><![CDATA[0]]></todo_status></item51><item52><id><![CDATA[53821203]]></id><tid><![CDATA[lnss41]]></tid><checklist_group_id><![CDATA[8830665]]></checklist_group_id><action><![CDATA[Спец символы, например (ваипваир!"%)]]></action><result><![CDATA[Поле принимает значение]]></result><priority_id><![CDATA[2]]></priority_id><sort><![CDATA[41]]></sort><todo_status><![CDATA[0]]></todo_status></item52><item53><id><![CDATA[53821204]]></id><tid><![CDATA[lnss42]]></tid><checklist_group_id><![CDATA[8830665]]></checklist_group_id><action><![CDATA[Кол-во символов от 0-500 включительно, например 
(к авправ  500 символов)]]></action><result><![CDATA[Поле принимает значение]]></result><priority_id><![CDATA[2]]></priority_id><sort><![CDATA[42]]></sort><todo_status><![CDATA[0]]></todo_status></item53><item54><id><![CDATA[53821207]]></id><tid><![CDATA[lnss43]]></tid><checklist_group_id><![CDATA[8830665]]></checklist_group_id><action><![CDATA[Текст в верхнем и нижнем регистре, например (ВЫМвмывм)]]></action><result><![CDATA[Поле принимает значение]]></result><priority_id><![CDATA[2]]></priority_id><sort><![CDATA[43]]></sort><todo_status><![CDATA[0]]></todo_status></item54><item55><id><![CDATA[53822597]]></id><tid><![CDATA[lnss44]]></tid><checklist_group_id><![CDATA[8830665]]></checklist_group_id><action><![CDATA[Доступны ссылки, Например ( https://...)]]></action><result><![CDATA[Ссылка отображается и кликабельна  в созданном личном событии,]]></result><priority_id><![CDATA[2]]></priority_id><sort><![CDATA[44]]></sort><todo_status><![CDATA[0]]></todo_status></item55><item56><id><![CDATA[53821498]]></id><tid><![CDATA[lnss45]]></tid><checklist_group_id><![CDATA[8830741]]></checklist_group_id><action><![CDATA[Кол-во символов более 500]]></action><result><![CDATA[Поле не принимает более 500 символов]]></result><priority_id><![CDATA[2]]></priority_id><sort><![CDATA[45]]></sort><todo_status><![CDATA[0]]></todo_status></item56><item57><id><![CDATA[53822598]]></id><tid><![CDATA[lnss46]]></tid><checklist_group_id><![CDATA[8830741]]></checklist_group_id><action><![CDATA[Добавление картинки]]></action><result><![CDATA[Поле не принимает добавление картинок]]></result><priority_id><![CDATA[2]]></priority_id><sort><![CDATA[46]]></sort><todo_status><![CDATA[0]]></todo_status></item57></checklist_option><checklist_option_tag/><tag/><requirement/></data>
